{"Height": 745, "Width": 960, "hFov": 0.9272952180016122, "vFov": 0.7412849108138079}